Operon Number,Protein ID,Contig ID,Strand,Protein Length (nt),Start,End,Acr Homolog,Potential Aca,AcaHMM HIT,Pfam,Complete CRISPR-Cas and STSS,Operon in Prophage,Protein Sequence,Contig Length (nt),IR in Promoter
OperonNumber-0,LOR016C10098_1_55,LOR016C10098_1,-,261,55145,55405,,Aca_protein|HTH_23=PF13384.9;MerR=PF00376.26,,,,,MLHNPAKSNVDFREASRREDAIKLERAFPGHCQQAIAEKASRALGVSPRMVIYWLKLENDMPSWVPKAVELYINKVDRIARRIEGA*,62433.0,
OperonNumber-0,LOR016C10098_1_56,LOR016C10098_1,-,174,55465,55638,,,,,,,MTSSPQHPRDDRTDGLPAAAVAPEHDIILDLARVKAIFQLRAIAAVIGAPDTNRGDA*,62433.0,
OperonNumber-0,LOR016C10098_1_57,LOR016C10098_1,-,252,55635,55886,pAcr044226,Aca_protein|HTH_26=PF13443.9;HTH_3=PF01381.25;HTH_31=PF13560.9;HTH_37=PF13744.9;HTH_38=PF13936.9;MarR_2=PF12802.10;P22_Cro=PF14549.9;Xre-like-HTH=PF20432.1;YdaS_antitoxin=PF15943.8,,,,,MRHTHFMLDLHMQTTHIASMSDLKSFLATSGWRQADLAKRVGVQQGTISRLASGALTPSLELAFAIERATDGAVPASSWVDAA*,62433.0,
OperonNumber-22,LOR016C8165_22,LOR016C8165,-,513,17700,18212,pAcr043911,,,,,,MNNTHNIPYTALKTVVHRIIQQQPTNMQQLENIVGGVENQYRVPISLDNVNLTVKEVSLDNLAIDQDTLDECSEILWDCDSAGYPTNNSNTRGIPDDTRASQEAIDWLAGIAYQAKLLQSEADDIMQSIICHRDNHKNVIGQNVLDQANETISACLHLDQLIEDILDDNL*,29405.0,IR Present
OperonNumber-22,LOR016C8165_23,LOR016C8165,-,399,18217,18615,,Aca_protein|HTH_23=PF13384.9;HTH_Tnp_1=PF01527.23;MerR=PF00376.26;MerR_1=PF13411.9;Sigma70_r4=PF04545.19;Sigma70_r4_2=PF08281.15,,,,,MNRTYTTADIIQAAQWIWNGGPWKPSVEPGMPPPPTAPQHHGNNIATMIDLQLAIDDYTLSCQPSKQRKHLARLAAFREVYGYDQTYASAAQRLGVTRQTVKQWADQTLITLTGYANSRYYQDGNDDSTGMG*,29405.0,IR Present
OperonNumber-22,LOR016C8165_24,LOR016C8165,-,285,18619,18903,,,,,,,MVTTILDDGTQTTRLQTVGSTTTAIITNTETPETITAKYTISKDGTATYSISGNTYLGDHQHIIKLMYDYCHCVGRFDTTPTSNPDNLDNLFRG*,29405.0,IR Present
OperonNumber-22,LOR016C8165_25,LOR016C8165,-,321,18919,19239,,,,,,,MSRRPTKADLATTASWVWATDHHLRTLHRACTKVATHYPAISADDLYQDSLLYIAVREQYHNLDNKHYTKMCYRVAKRLANKTIQHLDQPKPLSDIIHLADNQTSI*,29405.0,IR Present
OperonNumber-25,LOR016C8165_36,LOR016C8165,-,354,25640,25993,,,,PF18909.3|dGTP_diPhyd_N|4.5e-30|No_clan,,,MDEPTSMYTDPNTGARKELKLCRLSLIDPTALHALGSVAGYGATKYGDNNWTGGYPWSHSVDALYRHLLSWQQGNNLDHESGLPHLAHAAWHCLALLAYQQHQAGQDTRNPWNKSDK*,29405.0,
OperonNumber-25,LOR016C8165_37,LOR016C8165,-,204,26099,26302,,,,,,,MNTLNNNIELHSYETFFTSLAWIQGGIITWMYATGTSHKAALAIIAACALATLLGASTLTNNPRDTK*,29405.0,
OperonNumber-25,LOR016C8165_38,LOR016C8165,-,228,26299,26526,,Aca_protein|Dimerisation=PF08100.14,,,,,MPLLSHYAVTTGLADTAHIIHHTGGTLRTATDIASRINTLNPDIDLDHEIHQLLSIETDLYNIYKTINTILQEQA*,29405.0,
OperonNumber-25,LOR016C8165_39,LOR016C8165,-,534,26549,27082,,,,,,,MNKKTGYTIAGITAAIIAAASFMPAPDDNPPLASQPAPQATTANTEWTPKTVQQRKAEKKARQAAAEQSLRAEQQKAHKQAQARGEETSQGLTMITAAHTCNRKAEQQAAAHGVKWNGNPDIDLQLHKIIGKDTFSIVYGATVRQPGASKLPVTVHCLVTGTEDHPHVTDLNINPQQ*,29405.0,
OperonNumber-25,LOR016C8165_40,LOR016C8165,-,312,27203,27514,pAcr059980,,,,,,MQKIANHFTQLYTPASYDCPTPFDLTRLENLSCDHMDFEGLAEAYRQSVEAELHKLRPNTFIASDGTVFSHNEWKPLTGGEATQLYWNVSRINVGHLLTLYSR*,29405.0,
OperonNumber-25,LOR016C8165_41,LOR016C8165,-,309,27547,27855,,,,,,,MDGTLITLSFTSLYGQTEINPLHPTHLAGCDIGNTHTSIICRLYRAKVEEAVRLIRPLWTITLDGAVYGPPDWQPLTPDEAEELHDMIDMIDLDAIIAEATR*,29405.0,
OperonNumber-36,LOR102C10295_34,LOR102C10295,-,354,22407,22760,,,,PF18909.3|dGTP_diPhyd_N|9.1e-30|No_clan,,,MDEPTRMYTDPNTGARKELKLCRLSLIDPASLHALGEVAGYGATKYGDNNWTGGYPWSHSVDALYRHLLSWQQGNNLDHESGLPHLAHAAWHCLALLAYQQHQAGQDTRNPWNKSDK*,26014.0,
OperonNumber-36,LOR102C10295_35,LOR102C10295,-,204,22869,23072,,,,,,,MNTPNNRIELHSYETFFTSLAWIQGGIITWMYATGTPHKAALAIIAACALATLLGASTLTYQPNHSK*,26014.0,
OperonNumber-36,LOR102C10295_36,LOR102C10295,-,228,23069,23296,,Aca_protein|Dimerisation=PF08100.14,,,,,MPLLSHYAVTTGLADTAHIIHHTGGTLRTATDIASRINTLNPDINLDHEIHQLLSIETDLYNIYKTINTILQEQA*,26014.0,
OperonNumber-36,LOR102C10295_37,LOR102C10295,-,534,23313,23846,,,,,,,MNKKNGYTIAGITAAIIAACSFLPAPDDDPPLASQPAPQVTTANTTWTPKTTQQRKAEKAARQAAATRSLQAEQAKTHKQAQARGEETATGLTMITAAHTCNRKAEQKAATHGVNWNGNPDIDLQLHKTIGKDTFSIVYGATMKQPGASKLPVTVHCLVTGTEDHPHVTDLNINPQQ*,26014.0,
OperonNumber-36,LOR102C10295_38,LOR102C10295,-,312,23966,24277,pAcr059980,,,,,,MQKIANHFTQLYTPTSYDCPTPFDLTRLENLHCDHLDFEGLAEAYRQSVETELHKLRPNTFIATDGTVYSHNEWKPLTGGEATQLYWNVTRINVGHLLTLFAR*,26014.0,
OperonNumber-36,LOR102C10295_39,LOR102C10295,-,309,24313,24621,pAcr059980,,,,,,MDGILITPSFTSLYGQTEINPLHPAHLAGCDIGNTHTSIICRLYRAKVEEAIRLIRPLWTVTLDGAIYGPQDWQPLTEDEAEELHDMIDTIDLDAIIAAATR*,26014.0,
OperonNumber-37,LOR084C7587_4,LOR084C7587,-,390,1890,2279,AcrCatalog|cluster_35881,,,,,,MQSQLFYDTYEDALRDTVTALGGFKKAGNMLWPAMAVDEAGRKLSHCLNAEKREKLCPNEVALLRREARKVGCHILATFEMSDAGYSDPVPVEPEDEQAALRREYVEAVKAMAVMTKRMERAGMLGVTA*,34122.0,
OperonNumber-37,LOR084C7587_5,LOR084C7587,-,204,2375,2578,,Aca_protein|P22_Cro=PF14549.9;Phage_CI_repr=PF07022.16;YdaS_antitoxin=PF15943.8,,,,,MELTPNNIMKALGIETKSALAEFFSTSRQNVHQWADDQPIPEGRQWQAIALRPDLFAEAAETLKKSN*,34122.0,
OperonNumber-38,LOR0422C5714_7,LOR0422C5714,-,513,3550,4062,pAcr043911,,,,,,MDNTTNIPYTALKTAVHRIIQQQPTNMNQLQNIVDGVENQYRVPISLDNVNLTVKEVSLDNLAIDQDTLDECSEILWDCDSAGYPNNSNTRGIPDDTRASQEAIDWLAGIAYQTKLLQSEADDIMQSIICHRDNHKNVIGQDVLDQANETISACLHLDQLIEETINNNES*,19134.0,IR Present
OperonNumber-38,LOR0422C5714_8,LOR0422C5714,-,309,4067,4375,,Aca_protein|HTH_23=PF13384.9;MerR=PF00376.26;MerR_1=PF13411.9;Sigma70_r4=PF04545.19;Sigma70_r4_2=PF08281.15,,,,,MPPPPTAPQHHGNNIVTMIDLQLAIDDYTLTCQPSKQRKHLARLAAFREVYGYDQTYSVAAQRLGVTRQTVKQWADQTLITLTGYANSRYYPDDSDDSTGTK*,19134.0,IR Present
OperonNumber-38,LOR0422C5714_9,LOR0422C5714,-,276,4469,4744,,,,,,,MVKTIIDNGTQTTVLQTVGTTTTAIITDTENPETITAKYIISKDGTATYSISGNTYLGDHQHIIKLMYDYCHCVGRFDTSNTSNTNDLFRG*,19134.0,IR Present
OperonNumber-42,LOR082C1633_17,LOR082C1633,+,309,13500,13808,,,,,,,MDGTLITPSFTSLYRQTEINPLHPAHLTGCDIGNTHTSIICRLYHAKVEEAVRLIRPDWTITLDGAVYGPRNWQPLTEGEAEELHDMIDMIDVDAILVTSTR*,25292.0,
OperonNumber-42,LOR082C1633_18,LOR082C1633,+,312,13848,14159,pAcr059980,,,,,,MQKIANHFTQLYSPASYDCPTPFDLTRLENLHCDHLDFEGLAEAYRQSIETELHKLRPNTFIATDGTVYSHNEWKPLTGGEATQLYWNVTRINIGHLLTLFAR*,25292.0,
OperonNumber-42,LOR082C1633_19,LOR082C1633,+,585,14229,14813,,,,,,,MIDHVSNEQHPGKGTTVMNKKNGYTIAGITAAIIAACSFLPAPDDNPPLASQPVPQVTTANTEWTPETVQQRKAEKAAKQAEATRSLQAEQKKTHQLARQRGEETATGLTMITAAHACNRKAEQKAAAHGVNWNGNPDIDLQLHKTIGKDTFSIVYGATMKQPGASKLPVTVHCLVTGTEEHPNVTDLNINPQQ*,25292.0,
OperonNumber-42,LOR082C1633_20,LOR082C1633,+,228,14838,15065,,Aca_protein|Dimerisation=PF08100.14,,,,,MPLLSHYAVTTGLADTAHIIHHTGGTLRTATDIASRINTLNPDIHLDHQIHQLLSVETDLYNIYKTINTILQEQA*,25292.0,
OperonNumber-42,LOR082C1633_21,LOR082C1633,+,201,15062,15262,,,,,,,MNTPNSIELHSYETFFTSLAWIQGGIITWMYATGTSHKAALAIIAACALATLLGASTLTYQPKNNK*,25292.0,
OperonNumber-42,LOR082C1633_22,LOR082C1633,+,354,15368,15721,,,,PF18909.3|dGTP_diPhyd_N|2.3e-29|No_clan,,,MDEPTRMYTDPNTGARKELKLCRLSLIDPAALHALGSVAGYGATKYGDHNWTGGYPWSHSVDALYRHLLSWQQGNNLDHESHLPHLAHAAWHCLALLAYQQHDAGQDTRNPWNKSDK*,25292.0,
OperonNumber-44,LOR082C1633_32,LOR082C1633,+,321,22116,22436,,,,,,,MSRRPTKVEQATTADWEWATDHHQHQLHKACTNIARHYPAVNPDDLHQDALLYIAVRNQYHQLQGNQWTQMCYRVAQRLANKTIQHLDLPKPVQEITDIADNQTSN*,25292.0,
OperonNumber-44,LOR082C1633_33,LOR082C1633,+,288,22454,22741,,,,,,,MVKTILDDGTQTTILQTVGSTTTAIITNTETPETITAKYTISKDGTATYSISGNTYLGDHQHIIKLMYDYCHCVGRFDTTNTSSNTDNLDNLFRG*,25292.0,
OperonNumber-44,LOR082C1633_34,LOR082C1633,+,399,22745,23143,,Aca_protein|HTH_23=PF13384.9;MerR=PF00376.26;MerR_1=PF13411.9;Sigma70_r4=PF04545.19;Sigma70_r4_2=PF08281.15,,,,,MNRTYTTADIIQAAQWIWNGGPWKPSVEPGMPPPPTAPQHHGNNIVTMIDLQLAIDDYTLSCEPSKQRKHLARLAAFREVYGYDQTYSVAAQRLGVTRQTVKQWADQTLITLTGYANSRYYPDGNDDITGMG*,25292.0,
OperonNumber-44,LOR082C1633_35,LOR082C1633,+,513,23149,23661,pAcr043911,,,,,,MNNTTNIPHTALKTVVHRIIQQQPTNMQQLENIVDGVENQYHIPISLDNVNLTVKEVSLDDLTIDQDTLDECSEILWYCDSAGYPTNNSKNSGMPDDTPASQEALDWLAGIAYQTKLLQSAADDIMWSITCHRDNHKNVIGQNVLDQANETISTCLRLYQTIEETINNES*,25292.0,
OperonNumber-55,LOR062C1035_115,LOR062C1035,-,189,125246,125434,AcrCatalog|cluster_52085,,,,,,MTGAMFNAEVDLARQVAFIDRLTETGALTPNESHVILTRIGHEATAPVGALLLQVRLDKTQV*,155369.0,
OperonNumber-55,LOR062C1035_116,LOR062C1035,-,408,125431,125838,,Aca_protein|HTH_23=PF13384.9;HTH_24=PF13412.9;HTH_28=PF13518.9;HTH_31=PF13560.9;HTH_38=PF13936.9;HTH_7=PF02796.18;Sigma70_r4=PF04545.19;Sigma70_r4_2=PF08281.15,,,,,MAREITRERVVELRCRGASYGQIATRLGMSRNTVKSICRRADINIDPAVDVEPAKACEHCNGHFEAAVAGQRFCSDVCRLSWWHAHPERLNRRAIYTFTCVACGESFEAYGNKHRKYCSHACYIRHRFSTRGGRP*,155369.0,
OperonNumber-56,LOR054C7479_9,LOR054C7479,-,513,7519,8031,pAcr043911,,,,,,MNNTHNIPYTALKTVVHRIIQQQPTNMQQLENIVGGVENQYRVPISLDNVNLTVKEVSLDDLAIDQDTLDECSEILWCCDSAGHPTNNSNTRGIPDDTRASQEAIDWLAGIAYQTKLLQAEADDIMRSIICHRDNHKNVIGQNVLDQANDTISACLHLDQLIEDILDDNL*,15337.0,IR Present
OperonNumber-56,LOR054C7479_10,LOR054C7479,-,399,8036,8434,,Aca_protein|HTH_23=PF13384.9;MerR=PF00376.26;MerR_1=PF13411.9;Sigma70_r4=PF04545.19;Sigma70_r4_2=PF08281.15,,,,,MSRTYTTADIIQAAQWIWNGGPWKPSVEPGMPPPPTAPQHHGNNIVTMIDLQLAIDDYTLTCQPSKQRKHLARLAAFREVYGYDQTYSVAAQRLGVTRQTVKQWADQTLITLTGYANSRYYPDDSDDSTGMG*,15337.0,IR Present
OperonNumber-56,LOR054C7479_11,LOR054C7479,-,285,8438,8722,,,,,,,MVTTILDDGTQTTRLQTVGSTTTAIITNTETPETITAKYTISKDGTATYSISGNTYLGDHQHIIKLMYDYCHCVGRFDTTHTSNPDNLDNLFRG*,15337.0,IR Present
OperonNumber-56,LOR054C7479_12,LOR054C7479,-,321,8738,9058,,,,,,,MSRRPTKADLATTASWGWATDHHLRTLHRACTKVATHYPAISADDLYQDSLLYIAVREQYHNLDNKHYTKMCYRVAKRLANKTIQHLDQPKPLSDIIHLADNQTSI*,15337.0,IR Present
OperonNumber-60,LOR202C1237_24,LOR202C1237,-,213,20379,20591,,Aca_protein|HTH_17=PF12728.10;MerR=PF00376.26;MerR_1=PF13411.9,,,,,MTSTDLCQQLPGLTPNRIKHWTKTGRIKPHTKGGGRGNPNTYFPWDILECMWPEIIAAINMRDNDKLGDN*,35990.0,
OperonNumber-60,LOR202C1237_25,LOR202C1237,-,558,20588,21145,,,,,,,MTSDTPTWIPRNNQTTPAAACSNSPTSSTTSPIPAGNHPPPAAHTDTASPDPNHPSPPPSSTSPAPTRPYSDSSTPTPPQSCAPPCTGTHPPAGDTKSTCASTTGARTSPMTTGSTSPPPSTTSTAKPPKPPTSHHPPSSHAPNAEHPWTPPAPDQKPSSSAKTSPATNSQDPTNSNTDGDTTPP*,35990.0,
OperonNumber-60,LOR202C1237_26,LOR202C1237,-,570,21135,21704,AcrCatalog|cluster_201528,,,,,,MNTTPKTTNHQHCNVKKRNGKHCKQPAGWGTNHVGYGACKLHGGALPSSVRSAARKKLTAEIDGQLHTETIQPIHDPAKQIQLVVGEQVAFLNLARAKLETITDQWEYQNPISGTEEIRAAIHVYERALERAEKGLANLIRLGIETKIARSQQLTAAANIAWATTLIQNARNHPDTDPNQLLLEALNDQ*,35990.0,
OperonNumber-60,LOR202C1237_27,LOR202C1237,-,375,21727,22101,,,,,,,MNRKETIALCRYLQALCPNQKLDKHTPDAWADILANIDYLDAKLAIRNITHQNDKYALNIDVRMIYNEAKTIRQNRRNKANPTPTDNNRPPTNPTEYCKWLQQQNHQQAQIEKHQYTQNHTITY*,35990.0,
OperonNumber-60,LOR202C1237_28,LOR202C1237,-,264,22098,22361,,,,,,,MSHTCHTCGRTDGNRTQHCVACHQSFNSTTAGDMHRVGDHGTRQGPNRRRCLTPDEMRHKGMTQNPQGVWMAARKPSQQEITRKRQP*,35990.0,
OperonNumber-62,LOR054C6930_136,LOR054C6930,-,264,130815,131078,AcrCatalog|cluster_32844,Aca_protein|HTH_23=PF13384.9;HTH_28=PF13518.9;HTH_29=PF13551.9;HTH_Tnp_1=PF01527.23;HTH_Tnp_ISL3=PF13542.9,,,,,MQRRIFSREYKLEAVKLVRERGVTVEQAARDLDVHENVLCKWVREYGDDPSQSFPGKGQMKPEQLEIERLRKEVAKLKAERAPRAFF*,152566.0,
OperonNumber-62,LOR054C6930_137,LOR054C6930,-,585,131294,131878,,,,PF13238.9|AAA_18|1.6e-06|CL0023,,,MQMQSDTPKGCFVAVVGPSGAGKDTIMDAARVALAGDTRFHFVRRIITRPQMPGTEDHDSLDEAAFTKAAGEGAFALHWQAHSLSYGLPKSLDDEIADGIVVIANVSRRVLGDIRRLYSERSVVVISARPEVLAERLASRGRESREEIALRLKREVSFDDGADDVVIIDNSGEVAASTDAFLRHLQEISIKTIA*,152566.0,
OperonNumber-67,LOR051C1855_18,LOR051C1855,+,285,10745,11029,,,,,,,MVTTILDDGTQTTRLQTVGATTTAIITNTETPETITAKYTISKDGTATYSISGNTYLGDHQHIIKLMYDYCHCVGRFNTTNTSNPDNLDNLFKG*,28686.0,
OperonNumber-67,LOR051C1855_19,LOR051C1855,+,399,11033,11431,,Aca_protein|HTH_23=PF13384.9;HTH_28=PF13518.9;MerR=PF00376.26;MerR_1=PF13411.9;Sigma70_r4=PF04545.19;Sigma70_r4_2=PF08281.15,,,,,MNRTYTTADIIQAAQWIWNGGPWKPSVEPGMPPPPTAPQHHGNNLVTMIDLQLAIDDYTLTCQPAKQRKRLARLAAFREVYGYDQTYSVAAQRLGVTRQTVKQWADQTLITLTGYANSRYYQDGNDDSTGMG*,28686.0,
OperonNumber-67,LOR051C1855_20,LOR051C1855,+,513,11436,11948,pAcr043911,,,,,,MNNTHNIHYTALKTAVHRIIQQQPTNMQQLENIVGDIENQYRVPISLDNVNLTVKEVSLDDLAIDQDTLDECSEILWCCDSAGYPTNNSNTRGIPDDTRASQEAIDWLAGIAYQTKLLQAEADDIMQSIISHRDNHKNVIGQNVLDQANDTISACLHLDQLIEDILDDNL*,28686.0,
OperonNumber-81,LOR099C7072_22,LOR099C7072,-,501,16754,17254,pAcr043911,,,,,,MIDTTTNILYTTLKVAVHRIIQQQPTNMQQLENIVDGVENKYRVPISLDNVNLTVKEVSLDDLAINQDALDECSEILWFCDSAGYPPTNNNQPEVIQEALDCLAGIAYQAKLLQSAADDIMWSITCHRDNHKGIIGQDVLDQANNTISTCLHLYQMLEETINNNES*,28228.0,IR Present
OperonNumber-81,LOR099C7072_23,LOR099C7072,-,303,17259,17561,,Aca_protein|HTH_23=PF13384.9;MerR_1=PF13411.9;Sigma70_r4=PF04545.19;Sigma70_r4_2=PF08281.15,,,,,MPPPPTAPQHHGNNIVSMIDLQLAIDDYTLTCQPSKQRKHLARLAAFREVYGYDQTYAAAAHRLGVTRQTVKQWADQTLMTLTEYANTTYYMPDDNEGMA*,28228.0,IR Present
OperonNumber-81,LOR099C7072_24,LOR099C7072,-,276,17655,17930,,,,,,,MVTTILDDGTQTTRLQTVGATTTAIITNTETPETITAKYSISKDGTATYSISGNTYLGDHQHIIKLMYDYCHCVGRFDTSNPDNLDNLFRG*,28228.0,IR Present
OperonNumber-81,LOR099C7072_25,LOR099C7072,-,321,17945,18265,,,,,,,MSRRPTKADLATTASWGWTTDQHLRTLNRACTKVAGHYPAISADDLYQDSLLYIAVREQYHNLDNKHYTKMCYRVAKRLANKTIQHLDQPKPLPDIIHLADNQTSI*,28228.0,IR Present
OperonNumber-82,LOR099C7072_27,LOR099C7072,-,186,19312,19497,,Aca_protein|HTH_12=PF08461.13,,,,,MATKTETLIQRYGNKAADVLADRSIPASWLAKQLTKAGYPISATVIKDHRRKLNSKGGDKK*,28228.0,
OperonNumber-82,LOR099C7072_28,LOR099C7072,-,561,19481,20041,,,,,,,MSISFKPTTRNRQAVRDIIAQELPNSDTNVTDDTINNIIEYCWNTFTASNRYAVAAQYWRGQNPPDSEHQRILVGYYKTAKQAMNAAKQFHWNTRLQQQWKTWILPVHNGTVSEHFTNQKTLFDTQTSNQGDGALPEHLQNVMCGKTLNHIDGTITWCTRKPGHDGDCRTGWQPATQPLGYHGNQN*,28228.0,
OperonNumber-82,LOR099C7072_29,LOR099C7072,-,567,20038,20604,pAcr052954,,,,,,MDPLDTCPIPNRRNTGQAARRRIRLAICAEKWADGEDPTYIMHTWGTTYDGMRSMIRANPDIKLPDDMAKQLHKVCREAYPKNQPNRHRSGWDAYEKNYYTHEILFLNQFNIPALEILDRLDVSWTMWKQIITENNLTRLQDETYDACHWYYLKQQHPDWTDQDVTQAQHAGNNTFNQFMQDDQPVLS*,28228.0,
OperonNumber-84,LOR099C7072_36,LOR099C7072,-,354,24644,24997,,,,PF18909.3|dGTP_diPhyd_N|4.7e-30|No_clan,,,MDEPTRMYTDPNTGARKELKLCRLSLIDPAALHDLGSVAGYGATKYGDNNWTGGYPWSHSVDALYRHLLSWQQGNNLDHESGLPHLAHAAWHCLALLAYQQHQAGEDTRNPWNKSDK*,28228.0,
OperonNumber-84,LOR099C7072_37,LOR099C7072,-,201,25103,25303,,,,,,,MNTPNNIELHSYETFFTSLAWIQGGIITWMYATGTTHKAALAIIAACALATLLGASTLTYQPKDHK*,28228.0,
OperonNumber-84,LOR099C7072_38,LOR099C7072,-,228,25300,25527,,Aca_protein|Dimerisation=PF08100.14,,,,,MPLLSHYAVTTGLADTAHIIHHTGGTLRTATDIASRINQLNPDINLDHEIHQLLSIETDLYNIYKTINTILQEQA*,28228.0,
OperonNumber-84,LOR099C7072_39,LOR099C7072,-,534,25550,26083,,,,,,,MNKKNGYTIAGATIAIIAAASFLPAPGDNPPLASQPAPQVTTANTTWTPETVQQRKAEKKARQAAAVRSLQAEQQKTHQQARRRGEETATGLTMITAAHTCNRKAEQQAAAQGVNWNGNPDINLQLHKTIGKDTFSIVYGATMKQPGASKLPVTVHCLVAGTEDHPHVTDLNINPQQ*,28228.0,
OperonNumber-84,LOR099C7072_40,LOR099C7072,-,312,26207,26518,pAcr059980,,,,,,MQKIADHFTQLYSPASYDCPTPFDLTRLENLSCDHLDFEGLAEAYRQSVEAELHKLRPDTFIASDGTVFSHNKWKPLTGGEATQLYWNVSRINIGHLLTLCAR*,28228.0,
OperonNumber-84,LOR099C7072_41,LOR099C7072,-,309,26549,26857,,,,,,,MGDTLITPSFTSLYGQTEINPLHPAHLIGRDIGNTHTSIICRLYRAKVEEAIRLIRPDWTITIDSAVYGPRDWQPLTENEAEELHDMIDTIDIDAIIAEATR*,28228.0,
OperonNumber-91,LOR202C2390_24,LOR202C2390,-,354,15003,15356,,,,PF18909.3|dGTP_diPhyd_N|1.3e-28|No_clan,,,MDEPTRMYTDPDTGAKKELKLCRLSLIDPASLHALGEVAGYGATKYGDNNWTGGYPWNHSVDALYRHLLSWQQGNNLDNESHLPHLAHAAWHCLALLAYQQHNAGQDTRNPWNKDNQ*,29356.0,
OperonNumber-91,LOR202C2390_25,LOR202C2390,-,204,15462,15665,,,,,,,MNTLNNRIELHSYETFFTSLAWIQGGIITWMYATGTSHKAALAITAVCALAILLGASTLTYQPHNTK*,29356.0,
OperonNumber-91,LOR202C2390_26,LOR202C2390,-,228,15662,15889,,Aca_protein|Dimerisation=PF08100.14,,,,,MPLLSHYAVTTGLADTAHIIHHTGGTLRTATDIASRINTLNPDINLDHQISQLQTIEADLYNIYKIINTILQEQA*,29356.0,
OperonNumber-91,LOR202C2390_27,LOR202C2390,-,534,15906,16439,,,,,,,MNKKNGYTIAGITATIIAACSFLPVPDDNPPLTSQPAPQATTANTEWTPETAQQRKAEKKAKQAEAVRSLQAEQAKAHKQAQARGEETATGLTMITAAHTCNRKAEQQAATQGVNWNGNPDIDLQLHKIIGKDTFSIVYGATAKQSGASKLPVTVHCLVTGTEDHPNVTDLNINPQQ*,29356.0,
OperonNumber-91,LOR202C2390_28,LOR202C2390,-,312,16560,16871,pAcr059980,,,,,,MQKIANHFTQLYSPASYDCPTPFDLTRLENLHCDHMDFEGLAEAYRQSVEAELHKLRPNTFIATDGTVFSHNEWKPLTGGEATQLYWNVTRINIGHLLTLCAR*,29356.0,
OperonNumber-91,LOR202C2390_29,LOR202C2390,-,309,16902,17210,,,,,,,MDGTLITPSFTSLYGQTEIHPLHPAHLAGCDIGNTHTSIICRLYRAKVEEAIRLIRPDWTVTLDGAVYGPRNWQPLTEGEAEELHDMIDMIDIDSIIAEATR*,29356.0,
OperonNumber-95,LOR0422C7224_92,LOR0422C7224,-,153,52514,52666,,,,,,,MRRDAVMLGPNHAPNPNQDALLDQILAERAAIEAKRFKLAPRPSKDGDDK*,103468.0,
OperonNumber-95,LOR0422C7224_93,LOR0422C7224,-,264,52648,52911,,,,,,,MPRPDELDRCWYNGDPSPEELHDHWHRDPPIRQTRVDNGARFWAAIMVIAWLCVCAYLAAPSILAAEAAVNGCDQYRTEMVACAETR*,103468.0,
OperonNumber-95,LOR0422C7224_94,LOR0422C7224,-,378,52973,53350,pAcr070583,,,,,,MDALIALGCTIRRVGSRVTCNPAPTDTDEDFLALVPFDVTSFMTQDGFTQEGEPQFYTGNDNGGFRSFRKGTMNIVTTESEEFFDRFMTATALAKRFNLLAKADRIALFQAVLYGVNAEDLEPAI*,103468.0,
OperonNumber-95,LOR0422C7224_95,LOR0422C7224,-,171,53350,53520,,,,,,,MIASIRTSNPFTRAALPTLGRAPWIIVTDSRIIDLDKSDWSEITPPAHVVAQIGGK*,103468.0,
OperonNumber-95,LOR0422C7224_96,LOR0422C7224,-,312,53517,53828,,,,,,,MKLTAATIAALAFASPAFALPTEFCVAMSEGAENIMLARQRGKRVAEVLAVIEDKDSEIGQLYVAMIDAAYDAPQMSMPENQERSASEFAAVVYSACRSEGSL*,103468.0,
OperonNumber-95,LOR0422C7224_97,LOR0422C7224,-,303,54075,54377,,Aca_protein|HTH_19=PF12844.10;HTH_3=PF01381.25;HTH_31=PF13560.9,,,,,MERAKPNEPWEPTVVAPRLIALRESLGMNKVEFAARIGVDKSSYTKIEKGEKPLQTSAAYKIWQLWGVDLNFLYLGQIGGLPHRLSSTIITHLNSDQPHS*,103468.0,
OperonNumber-98,LOR0469C6930_65,LOR0469C6930,+,585,65217,65801,,,,PF13238.9|AAA_18|1.6e-06|CL0023,,,MQMQSDTPKGCFVAVVGPSGAGKDTIMDAARVALAGDTRFHFVRRIITRPQMPGTEDHDSLDEAAFTKAAGEGAFALHWQAHSLSYGLPKSLDDEIADGIVVIANVSRRVLGDIRRLYSERSVVVISARPEVLAERLASRGRESREEIALRLKREVSFDDGADDVVIIDNSGEVAASTDAFLRHLQEISIKTIA*,137904.0,
OperonNumber-98,LOR0469C6930_66,LOR0469C6930,+,264,66017,66280,AcrCatalog|cluster_32844,Aca_protein|HTH_23=PF13384.9;HTH_28=PF13518.9;HTH_29=PF13551.9;HTH_Tnp_1=PF01527.23;HTH_Tnp_ISL3=PF13542.9,,,,,MQRRIFSREYKLEAVKLVRERGVTVEQAARDLDVHENVLCKWVREYGDDPSQSFPGKGQMKPEQLEIERLRKEVAKLKAERAPRAFF*,137904.0,
OperonNumber-98,LOR0469C6930_67,LOR0469C6930,+,522,66509,67030,,,,PF10686.12|YAcAr|8e-28|CL0349,,,MRDHAATEFVHHTGSTWRPRTGSMVNRQHMTAALIDSRDFLAAKRRAETEVMLPAGPKVALTGGTDFNDHRLIWGKLDQVRTKYPDMVLLHGGSPKGAELIAAKWAEARGVTQVAFKPDWTKHAKAAPFKRNDAMLDVLPVGVLVFPGNGIQENLADKAKKLGIPVMKFEKGA*,137904.0,
OperonNumber-98,LOR0469C6930_68,LOR0469C6930,+,213,67175,67387,,,,PF04014.21|MazE_antitoxin|0.00024|CL0132,,,MSETATLSSKFQISIPKAIRTAQHWEAGLTFAFIPKGTGVLLVPVPKRDALKGLARGAAATDYRDRTDRF*,137904.0,
OperonNumber-98,LOR0469C6930_69,LOR0469C6930,+,381,67387,67767,,,,PF01850.24|PIN|3.7e-18|CL0280,,,MVLVDTSAWIEWLIGSLTGEELSERLPQQSDWLVPTMVQLELAKWTTREVGEDKADQVIAFTQVCQVVPLDTEIALAAADACRTHKLATADAIIFATARARGATLLTCDAHFEGLPGVDFMPKTNG*,137904.0,
OperonNumber-103,LOR061C7108_17,LOR061C7108,-,516,11489,12004,pAcr043911,,,,,,MNNTHNIPHTALKTAVHRIIQQQPTNMNQLENIVGDVENQYHVPISLDDVNLTVKEISLDDLAIDQDTLDECSEILWDCDSAGYPPTNSKNSGMPDDTQASPEAIDWLAGIAYQAKLLQSAADDIMWSITCHRDNHKNVIGQHILDQANNTISACLHLYQMLEETIDNNES*,20423.0,IR Present
OperonNumber-103,LOR061C7108_18,LOR061C7108,-,390,12009,12398,,Aca_protein|HTH_23=PF13384.9;HTH_Tnp_1=PF01527.23;Sigma70_r4=PF04545.19;Sigma70_r4_2=PF08281.15,,,,,MNRTYTTADIIQAAKWIWNGGPWKPSVEPGMPPPPTAPQHHGNNIVSMIDLQLAIDDYTLSCEPSKQRKHLARLAAFREVYGYDQTYSVAAQRLGVTRQTVKQWADQCLITLTGYANSTYYPDDNTGMK*,20423.0,IR Present
OperonNumber-103,LOR061C7108_19,LOR061C7108,-,285,12402,12686,,,,,,,MVTTTLDDGTQTTVLQTVGTTTTAIITNTETPETITAKYTISKDGTATYSISGNTYLGDHQHIIKLMYDYCHCVGRFDTTNTSNPDNFDNLFRG*,20423.0,IR Present
OperonNumber-103,LOR061C7108_20,LOR061C7108,-,321,12701,13021,,,,,,,MSRRPTKADLATTASWAWATGHHLRTLNRACSKIAAHYPAISADDLYQDSLLYIAVREQYHNLDNKHYIQMCYRVAKRLANKAVQHLDQPKPLSDIIHLADNQTSI*,20423.0,IR Present
OperonNumber-113,LOR224C3873_1_54,LOR224C3873_1,-,219,35246,35464,pAcr002137,,,,,,MTTYTTINDYIAQVVNPALGEYADDYDTEEIARDMTEWHDEKDANGNILLNASGLVERDDADFWEIAQKHEI*,37672.0,
OperonNumber-113,LOR224C3873_1_55,LOR224C3873_1,-,423,35595,36017,,Aca_protein|DUF1870=PF08965.13;HTH_23=PF13384.9,aca2,,,,MNINAEFRALKQLSGLTSQHIADKFDVGLRTVQRYETEYEPRPEIMDYLRNIVADDTRYVEEVLDGIEDAIDESNEKMGVVRDPDAIRIPRYLNSHYYYRANGADAIPYERYTARLNRIISALILDDYEIEYEYYITEEG*,37672.0,
OperonNumber-113,LOR224C3873_1_56,LOR224C3873_1,-,342,36080,36421,,,,,,,MTTINLDTINWEDDYSEPDSGYDWAPAQVFIPTEDDYTGWQLYIAVNTEGEDAKLTIIYYNDGRQDGCYSSDSTPDWPMLDDLFGGRECWQNFCNDYAKKAMKQYLEESQEED*,37672.0,
OperonNumber-134,LOR2047C5357_9,LOR2047C5357,+,321,5324,5644,,,,,,,MSRRPTKADLATTASWGWTTDHHLRTLNRACTKIAQHYPAISADDLYQDSLLYIAVREQYHNLDNKHYTKMCYRVAKRLANKTIQHLDQPKPLSDIIHLADNQTSI*,19213.0,
OperonNumber-134,LOR2047C5357_10,LOR2047C5357,+,279,5657,5935,,,,,,,MVTTTLDDGTQTTVLQTVGTTTTAIITNTETPETITAKYTISKDGTATYSISGNTYLGDHQHIIKLMYDYCHCVGRFDTTNTNSNFDNLFRG*,19213.0,
OperonNumber-134,LOR2047C5357_11,LOR2047C5357,+,390,5939,6328,,Aca_protein|HTH_23=PF13384.9;MerR=PF00376.26;Sigma70_r4=PF04545.19;Sigma70_r4_2=PF08281.15,,,,,MNQTYTTTEIIQAAQWIWNGGPWKPSVEPGMPPPPTAPQHHGNNIVTMIDLQLAIDDYTLSCEPSKQRKHLARLAAFREVYGYDQTYSVAAQRLGVTRQTVKQWADQTLITLTGYANSTYYPDDNTGMK*,19213.0,
OperonNumber-134,LOR2047C5357_12,LOR2047C5357,+,516,6333,6848,pAcr043911,,,,,,MNNTHNIPHTALKTAVHRIIQQQPTNMNQLENIVGDVENQYHVPISLDDVNLTVKEISLDDLAIDQDTLDECSEILWDCDSAGYPPTNSKNSGMPDDTQANPEAIDWLAGIAYQAKLLQSAADDIMWSITCHRDNHKNVIGQHILDQANNTISACLHLYQMLEETIDNNES*,19213.0,
OperonNumber-139,LOR2043C8928_1,LOR2043C8928,-,222,3,224,,Aca_protein|Phage_rep_O=PF04492.16,,,,,MTAMINQEIFKMDRFTAKPKWWGKLRHKSKLKASEFFVLDVIYEKTFGWNKSTDKISISQFQEELGLSNRSVID,42167.0,
OperonNumber-139,LOR2043C8928_2,LOR2043C8928,-,390,305,694,,,,,,,MSELDKYSRHDPLDRHSSRPKKAKLTVTDTDAWLKKHGNGMDRLKKTEKTSAINIWSQYGKVSTVTLIYRHLNAHGEIVPSDIQDMSCRRSVHGQCLKMARSGELVTFKDKRFINDANQKYLVNGFKRA*,42167.0,
OperonNumber-139,LOR2043C8928_3,LOR2043C8928,-,210,694,903,,,,,,,MAKFNPDDCKFCNNTEGRCCHEAIRTDNKAQIHIIDAQDEHYNKQADSHVFMMNGLLVAKDVPMPKAGV*,42167.0,
OperonNumber-139,LOR2043C8928_4,LOR2043C8928,-,318,913,1230,pAcr067855,Aca_protein|Phage_CII=PF05269.14,,,,,MCHKPISELSPELQEIARKNERLLLTRLSEIGQKEVGEKVGISESSMSKLKSEGRIELFAVLTAVLGIKLSDKDDLMCSPVIAEAFKEILKNSAESPEFLQILFR*,42167.0,
OperonNumber-139,LOR2043C8928_5,LOR2043C8928,-,228,1240,1467,,Aca_protein|Cro=PF09048.13;HTH_3=PF01381.25;P22_Cro=PF14549.9;YdaS_antitoxin=PF15943.8,,,,,MQTALEKAISILGNHSQLAKKIGITPWAVSKWDVNRPPKERCLAIEAATDGQVTAEELRPDINWDYVRQQQLETA*,42167.0,
OperonNumber-140,LOR2043C8928_12,LOR2043C8928,+,519,8953,9471,,,,,,,MSKQRNKKYNPQKLQTMRNQGKVSRSVPLTALTPQQVALKIRAKQIIKRNSFPAIRDQREGCEFAGWMEISMASRPPEWRVNRMKFFGDWCGEKNLDKILPDIVKDTKERVYHIDLRLFGIQGEEYEVETLVVKNPKNMDDLELKAKQYCASYAFDEDLLLDLDKCYFEVRA*,42167.0,
OperonNumber-140,LOR2043C8928_13,LOR2043C8928,+,252,9468,9719,,,,,,,MTHLSHPNHRLTSTGYYVCAVKRGELTWRDNKTNELKTIKYISGRIIKSPHNENLHPAQWAKWRLDGQAIKHEFGDLILGSEQ*,42167.0,
OperonNumber-140,LOR2043C8928_14,LOR2043C8928,+,408,9716,10123,,,,PF06356.14|DUF1064|1.8e-22|No_clan,,,MTAIMTPKQEKKLFAQKGTTKAPKAKKSKYKNIRVQYNGKWFDSKKEMHRYQQLELLQRAGKIKNLCCQVTYDLLPTTRIGGETQRKTTYVADFVYWDIEKDCEVIEDAKGMRTDVYKIKRKLMWEILGKEVREV*,42167.0,
OperonNumber-140,LOR2043C8928_15,LOR2043C8928,+,438,10120,10557,pAcr064514,Aca_protein|Phage_antitermQ=PF06530.15,,,,,MNQLTQSDIKLLLTRWGAWSRDGGTVVVGAATVIRSSSMNLGYKSMWDVIHGMTGCGGSSREVDTEMLAVDNAMLWLSEHSKFDYRLLKLKYRYGYSYNRIAEKLTKELPQYRKNGKKMCDKYAKSLVDLAELTLLGYLQKQLET*,42167.0,
OperonNumber-140,LOR2043C8928_16,LOR2043C8928,+,144,10683,10826,,,,,,,MVRNDEHAKRLIDKREQANKKGLPNAVKRYMKRTGFNPNPPVLNGDM*,42167.0,
OperonNumber-140,LOR2043C8928_17,LOR2043C8928,+,567,10942,11508,,,,PF18894.3|PhageMetallopep|5.9e-35|CL0126,,,MPPDTSAKFAEASEVYLWVHETLFNQNHDWHNADHNHLVDYQVNEIAFLWANIPFEKAGKRILGQTEKVMIDAGGWRKARQEMWFEDMLGAKPDFLITLDAEFCRECSDMQFLALIDHELYHIGHATDNFGELAFNRDTGRPKLRLVSHDVEEFHGITRRYGANIFDDSLQTMIDLSQLGGELLGQNS*,42167.0,
OperonNumber-140,LOR2043C8928_18,LOR2043C8928,+,483,11531,12013,,,,PF10045.12|DUF2280|5.3e-38|No_clan,,,MATLNNMVQAFIVQGLARYKTPQEMADAVKNEFGIDVKRQQIETYDPTKVAGRNLAKKWKDLFEECRKKFNEDISAIPISNLAFRLQMLNDMAVDAYRSKNRVLTADLLKQAAEDVGGKYTNQQKVDTTSNGNTTGNIVVNNFTDPMAASQFYQEFMGAK*,42167.0,
OperonNumber-148,LOR2045C7173_59,LOR2045C7173,-,195,31393,31587,pAcr036791,,,,,,MKTYARFNDAVQFEIITPLGEYAAQHDVNAIIDELIISSGTAATPQFYVDPDADFWAVVASHAL*,42817.0,
OperonNumber-148,LOR2045C7173_60,LOR2045C7173,-,192,31687,31878,,Aca_protein|HTH_23=PF13384.9;HTH_28=PF13518.9;HTH_29=PF13551.9;HTH_31=PF13560.9;HTH_38=PF13936.9,,,,,MRDRLSEILRLDEEITQAEASLEELKARRAAATRAALADGITQYRIAQAVGRTQSTVARWKKM*,42817.0,
OperonNumber-149,LOR226C291_29,LOR226C291,-,378,20345,20722,,,,PF06114.16|Peptidase_M78|4.9e-10|CL0126,,,MIEIAELVLRAEAMGVHVEWGRDLPVPAEYDHARRVIRMADGRGDCVTRCSLAHELGHAALHHEPDGDYLAQERSANMYAAKLLISEDAYRRAERIVGHDPRALAKELDVTLVMVVAWRMCHKAA*,42755.0,
OperonNumber-149,LOR226C291_30,LOR226C291,-,396,20719,21114,pAcr033928,Aca_protein|DUF6471=PF20075.2;HTH_26=PF13443.9;HTH_3=PF01381.25;HTH_31=PF13560.9;HTH_37=PF13744.9,,,,,MVKNEQMRAQGQFSRQISRFIAGMLRERDVKQREVAERLERTQAYVSERVNGKRSWTLDELDSISSLLGFTSGLSMLEEVAERARLTRQRTDELAARRDKAGLSVPPRNLRAVADSNVGADEEVEGRQEEP*,42755.0,
OperonNumber-151,LOR216C3877_1,LOR216C3877,+,309,507,815,pAcr059980,,,,,,MDGTLITPSFTSLYRQTEIDPLSFHSLTGNHSDDIDLDMVRRMCHAKVQEAIRLIRPLWTVALDGAVYGPPDWRHLSENEAEELHDLIDMIDLDAIIAASTR*,26394.0,
OperonNumber-151,LOR216C3877_2,LOR216C3877,+,312,849,1160,pAcr059980,,,,,,MQKIADHFTQLYTPASYDCPTPFDLTRLENLHCDHLDFEGLAEAYRQRVEAELHKLRPNTFIASDGTVFSHDEWKPLTGGESTQLYWNVIRINIGSLLTLFAR*,26394.0,
OperonNumber-151,LOR216C3877_3,LOR216C3877,+,285,1287,1571,,,,,,,MQWTCHKCDSTIIGYRPEHCTVCHETFNGIHVGDMHRVGDHGVKTGPNRRRCLTVDEMEAKGMKRNRLGYWTTGRDLSYLKDKTPSHTPNAHNR*,26394.0,
OperonNumber-151,LOR216C3877_4,LOR216C3877,+,534,1657,2190,,,,,,,MNKKNGYTIAGATIAIIAACSFLPAPDDNPPLASQPVPQATTANTTWTPKTTQQRKAEKAARQAAAEQSLRAEQTKTHKQAQARGEETATGLTMITAAHTCNRKAEQKAAAHGVNWNGNPDIDLQLHKTIGKDTFSIVYGATAKQPGASKLPVTVHCLVTGTEEHPNVTDLNINPQH*,26394.0,
OperonNumber-151,LOR216C3877_5,LOR216C3877,+,228,2216,2443,,Aca_protein|Dimerisation=PF08100.14,,,,,MPLLSHYAVTTGLADTAHIIHHTGGTLRTATDIASRINQLNPDINLDHEIHQLLSIETDLYNIYKTIHTILQEQS*,26394.0,
OperonNumber-151,LOR216C3877_6,LOR216C3877,+,204,2440,2643,,,,,,,MNTPNNSIELHSYETFFTSLAWIQGGIITWMYATGTPHKAALAIIAACALATLLGASTLTYQPKDHK*,26394.0,
OperonNumber-151,LOR216C3877_7,LOR216C3877,+,354,2749,3102,,,,PF18909.3|dGTP_diPhyd_N|6e-30|No_clan,,,MDEPTRMYTDPNTGARKELKLCRLSLIDPASLHALGEVAGYGATKYGDNNWTGGYPWSHSVDALYRHLLSWQQGNNLDHESGLPHLAHAAWHCLALLAYQQHQAGEDTRNPWNKSDK*,26394.0,
OperonNumber-154,LOR216C3877_18,LOR216C3877,+,321,9491,9811,,,,,,,MSRRPTKADLATTASWGWATDHHLRTLNRACTKVATHYPAISADDLYQDSLLYIAVREQYHNLDNKHYTKLCYRVAKRIANKTIQHLDQPKPLSDIIHLADNQTSI*,26394.0,
OperonNumber-154,LOR216C3877_19,LOR216C3877,+,288,9823,10110,,,,,,,MVTTILDDGTQTTRLQTVGTTTTAIITNTETPETITAKYTISKDGTATYSISGNTYLGDHQHIIKLMYDYCHCVGRFDTTNTNNTLDNLDNLFRG*,26394.0,
OperonNumber-154,LOR216C3877_20,LOR216C3877,+,402,10114,10515,,Aca_protein|HTH_23=PF13384.9;MerR_1=PF13411.9;Sigma70_r4=PF04545.19;Sigma70_r4_2=PF08281.15,,,,,MNQTYTTADIIQAAQWIWNGGPWKPSVEPGMPPPPTAPQHHGNNIVTMIDLQLAIDDYTLTCQPSKQRKHLARLAAFREVYGYDQTYSVAAQRLGVTRQTVKQWADQTLMTLTEYANTTYYMPDDSDDSTGMG*,26394.0,
OperonNumber-154,LOR216C3877_21,LOR216C3877,+,513,10521,11033,pAcr043911,,,,,,MNNTHNIPYTALKTAVHRIIQQQPTNMNQLENIVDGVENKYRVPISLDNVNLTVKEVSLDDLAIDQDTLDECSEILWCCDSAGYPINNSKNSGMPDDTQASPEAIDWLAGIAYQAKLLQAAADDIMWSITCHRDNHKNVIGQDVLDQANETISACLHLDQLIEDTLDDNL*,26394.0,
OperonNumber-168,LOR2420C870_30,LOR2420C870,-,354,18063,18416,,,,PF18909.3|dGTP_diPhyd_N|1e-28|No_clan,,,MDEPTRMYTNPDTGAKKELKLCRLSLIDPESLHTLGEVAGYGATKYGDNNWTGGYPWSHSVDALYRHLLSWQQGNNLDHESHLPHLAHAAWHCLALLAYQQHHTGQDTRNPWNTSDK*,21540.0,
OperonNumber-168,LOR2420C870_31,LOR2420C870,-,204,18525,18728,,,,,,,MNTPNNNIELHSYETFFTTLAWIQGGIITWMYATGTPHKAALAITAVCTLAILLGASTLTNNPRDTK*,21540.0,
OperonNumber-168,LOR2420C870_32,LOR2420C870,-,228,18725,18952,,Aca_protein|Dimerisation=PF08100.14,,,,,MPLLSHYAVTTGLADTAHIIHHTGGTLRTATDIASRINTLNPDINLDHQINQLLSIETDLYNIYKTINRTIEEQS*,21540.0,
OperonNumber-168,LOR2420C870_33,LOR2420C870,-,534,18975,19508,,,,,,,MNKKKGYTIAGITAAIIAAASFLPAPDDNPPLASQPAPQVTTANTEWTPKTAQQRKAEKAARQAAATRSLQAEQAKTHRQAQARGEETSQGLTMITAAHACNDKAEQKAAAHGVNWNGNPDIDLQLHKTIGKDTFSIVYGATAKQPGASKLPVTVHCLVTGTEDHPHVTDLNINPQQ*,21540.0,
OperonNumber-168,LOR2420C870_34,LOR2420C870,-,312,19629,19940,pAcr059980,,,,,,MQKIADHFTQLYTPTNDDCPTPIDLTRFENLSCDHMDFEGLAEAYRQSVETELHKLRPDTFIASDGTVFSHNEWKPLTGGEATQLYWNVSRINVGHLLTLCAR*,21540.0,
OperonNumber-168,LOR2420C870_35,LOR2420C870,-,309,19978,20286,pAcr059980,,,,,,MDGTLITPSFTTLYGQTEINPLHPAHLAGRDIGNTHTSIICRLYRAKVEEAIRLIRPLWTVTLDCAIYGPQDWQPLTADEAEDLHDMIDTIDVDAIIAEATR*,21540.0,
OperonNumber-217,LOR2415C8146_29,LOR2415C8146,-,231,17959,18189,,,,,,,MNQQHVFINTPSHTQPSQPVAGPWPVYTSFRGLPEQDRWMMYESAKAYRRMLETHGFEMSETYEAFIRRVTDELEI*,47135.0,
OperonNumber-217,LOR2415C8146_30,LOR2415C8146,-,234,18279,18512,,,,,,,MQIDPTSLDLGELSPTARKAIQKLMEVNGWTLDRTLNELGIESVAKGATSVVGRKKAKVLHLVPSLPSRKRASERDS*,47135.0,
OperonNumber-217,LOR2415C8146_31,LOR2415C8146,-,204,18532,18735,pAcr063595,,,,,,MAYLDSSQKRAIPVKVRFEPVLDRILRKAAHKTRMQHATYLYEIIEWAVANGVIEELMQDQREDIAG*,47135.0,
OperonNumber-217,LOR2415C8146_32,LOR2415C8146,-,210,18761,18970,,Aca_protein|HTH_28=PF13518.9;HTH_3=PF01381.25;P22_Cro=PF14549.9;YdaS_antitoxin=PF15943.8,,,,,MNSQFKKLVDHFGSQAATASALGVKQGTVSGWVRGLHGCTAEIALKAEYLTEGAIKASDLRPSLSNIAA*,47135.0,
OperonNumber-220,LOR258C870_2,LOR258C870,+,309,1337,1645,,,,,,,MDGTLITPSFTSLYGQTEIKPLHPAHLTGRDIGNTHTSIVCRLYCAKVEEAIRLIRSDWTVTLDGAVYGPRDWQPLTEDEAEELHDMIDTIDLDAIIAAVTR*,28682.0,
OperonNumber-220,LOR258C870_3,LOR258C870,+,312,1682,1993,pAcr059980,,,,,,MQKIADHFTQLYSPASYDCPTPFDLTRLENLHCDHMDFEGLAEAYRQSVEAELHKLRPDTFIASDGRVFSHNKWKPLTGGEATQLYWNVSRINIGHLLTLCAR*,28682.0,
OperonNumber-220,LOR258C870_4,LOR258C870,+,534,2116,2649,,,,,,,MNKKTGYTIAGATVAIIAACSFLPAPDDNPPLASQPAPQATTANTTWTPETAQQRKVEKAAKQATAVRSLQAEQKKAHQQARQRGEETATGLTMITAAHTCNRKAEQKAAAQGVNWNGNPDIDLQLHKTIGKDTFSIVYGATMKQSGASKLPVTVHCLVTGTEEHPNVTDLNINPKQ*,28682.0,
OperonNumber-220,LOR258C870_5,LOR258C870,+,228,2679,2906,,Aca_protein|Dimerisation=PF08100.14,,,,,MPLLSHYAVTTGLTDTAHIIHHTGGTLRTATDIASRINTLNPDINLDHQIRQLQTIETDLYNIYKTINTILQEQA*,28682.0,
OperonNumber-220,LOR258C870_6,LOR258C870,+,204,2903,3106,,,,,,,MNTPNNNIELHSYETFFTSLAWIQGGIITWMYATGTTHKAALAIIAACALATLLGASTLTYQPKDHK*,28682.0,
OperonNumber-220,LOR258C870_7,LOR258C870,+,354,3212,3565,,,,PF18909.3|dGTP_diPhyd_N|4.5e-29|No_clan,,,MDAPTRMYIDPDTGARKELKLCRLSLIDPASLHTLGEVAGYGATKYGDNNWTGGYPWSHSVDALYRHVLSWQQGNNLDHESGLPHLAHAAWHCLALLAYQQHNAGQDTRNPWNKSDK*,28682.0,
